公司,date,code,TEJ子產業_名稱,Q資產報酬率 (C),Q資產報酬率(A)%,Q資產報酬率(B)%,Q淨值報酬率─稅後,Q淨值報酬率─常續性利益,Q營業毛利率,Q已實現銷貨毛利率,Q營業利益率,Q稅前淨利率,Q稅後淨利率,Q業外收支率,Q常續利益率(稅後),Q員工人數,Q營業費用率,Q現金流量比率,Q有息負債利率,Q稅率 (A)%,Q每股淨值 (B),Q每股淨值 (A),Q每股淨值 (C),Q常續性EPS,Q每股現金流量,Q每股營業額(元),Q每股營業利益(元),Q每股稅前淨利(元),Q每股淨值(F),Q營收成長率,Q毛利成長率,Q已實現銷貨毛利成長率,Q營業利益成長率,Q稅前淨利成長率,Q稅後淨利成長率,Q經常淨利成長率,Q常續性利益成長率(稅後),Q總資產成長率,Q淨值成長率,Q總資產報酬成長率,Q營收變動率,Q營業利益變動率,Q稅後淨利變動率(單季),Q流動比率,Q速動比率,Q利息支出率,Q總負債/總淨值比,Q負債比率,Q淨值 /總資產,Q借款依存度,Q營業利益占實收資本比,Q稅前純益 /實收資本,Q總資產週轉率(次),Q應收帳款週轉率(次),Q應收帳款收現天數,Q存貨週轉率 (次),Q平均售貨天數,Q固定資產週轉率 (次),Q淨值週轉率 (次),Q應付帳款付現天數,Q淨營業週期 (日),Q每人營收,Q每人營業利益,Q每人配備率,Q當季季底股價淨值比,Q當季季底 PSR,季底普通股市值
1436 華友聯,2017-09-30,1436,建設,1.33,1.08,1.11,2.45,2.46,24.02,24.02,15.76,13.61,11.49,-2.14,11.52,53,8.27,-28.51,0.72,15.61,31.05,31.05,31.05,2.02,-13.29,6.55,1.03,0.89,31.05,31.479999999999997,49.93,49.93,73.47,154.79,202.04,202.04,200.97,18.53,3.6,0.57,-13.43,-7.1,-1.87,192.60999999999999,10.61,38.809999999999995,218.98000000000002,68.65,31.35,200.7,10.32,8.92,0.07,1912.82,0.05,0.07,1371.51,21.810000000000002,0.21,53.83,1317.73,9384,1478,428.3,1.23,1.52,2899380
1442 名軒,2017-09-30,1442,建設,0.74,0.69,0.7,1.01,1.01,22.54,22.54,10.97,11.2,10.12,0.23,10.12,37,11.57,14.43,1,9.69,18.52,18.52,18.52,1.56,0.72,1.84,0.2,0.23,18.52,-84.07,-80.82,-80.82,-89.57,-87.74000000000001,-86.64,-86.64,-86.59,-18.33,4.58,-3.32,-46.6,-69.52,-67.13,731.4599999999999,28.55,64.26,94.11999999999999,48.49,51.51,78.25,2.02,2.06,0.05,9.729999999999999,9.350000000000001,0.04,2065.21,21.29,0.1,113.8,1960.76,14784,1622,691,1.01,1.86,5572545
1805 寶徠,2017-09-30,1805,建設,-0.72,-0.76,-0.77,-2.43,-2.46,4.6899999999999995,4.6899999999999995,-465.61,-393.31,-393.31,72.3,-397.48999999999995,38,470.3,-9.93,1.52,0,8.57,8.57,8.57,-1.08,-1.25,0.05,-0.25,-0.21,8.57,-28.650000000000002,118.63,118.63,12.84,2.75,2.75,2.75,3.51,17.23,-11.16,0.17,-11.860000000000001,24.259999999999998,27.310000000000002,162.31,15.5,-67.9,153.15,60.5,39.5,100.27,-2.5,-2.11,0,0.73,124.29,0,22484.39,0.06,0.01,1526.6899999999998,21081.99,113,-527,1744.87,1.54,42.59,1059498
1808 潤隆,2017-09-30,1808,建設,0.76,0.92,0.81,3.37,2.63,20.38,20.38,9.25,16.88,16.06,7.619999999999999,12.57,113,11.129999999999999,-9.57,0.86,4.84,17.439999999999998,17.439999999999998,17.439999999999998,2.05,-4.99,3.64,0.34,0.61,17.44,-64.55,-72.99000000000001,-72.99000000000001,-83.14,-71.97,-70.35,-70.35,-77.48,29.89,-12.7,-1.65,17.9,51.879999999999995,284.51,163.99,23.959999999999997,51.27,454.90999999999997,81.98,18.02,362.94,3.3699999999999997,6.1499999999999995,0.04,3.3,27.610000000000003,0.05,1977.59,0.44,0.21,146.59,1858.61,7846,726,17794.809999999998,2.18,2.06,9249352
2442 新美齊,2017-09-30,2442,建設,-0.46,-0.46,-0.25,-1.63,-1.35,14.42,14.42,-8.48,-7.41,-7.24,1.07,-5.99,295,22.9,6.2700000000000005,1.06,0,10.26,10.26,10.28,-0.42000000000000004,0.96,2.36,-0.2,-0.18,10.28,22.630000000000003,8.26,8.26,-268.59,-201.58,-209.14,-209.14,-963.04,26.5,11.82,-1.35,46.730000000000004,-111.26,-832.52,154.9,42.230000000000004,-100.77,166.95000000000002,62.54,37.46,119.06,-2,-1.75,0.09,5.54,16.419999999999998,0.13,689.71,5.159999999999999,0.23,60.849999999999994,645.2800000000001,1920,-163,390.25,0.73,0.99,1804171
2501 國建,2017-09-30,2501,建設,0.51,0.33,0.53,0.32,0.32,21.16,21.16,-1.61,1.1300000000000001,4.94,2.75,4.92,913,22.77,0.35,0.81,0,18.93,18.93,18.93,1.77,0.04,1.25,-0.02,0.01,18.93,-61.83,-64.05,-64.05,-103.79,-97.57,-88.1,-88.1,-87.99000000000001,-8.01,0.98,-1,-35.1,-110.78,-36.660000000000004,248.03,30.85,107.45,140.64,58.44,41.56,110.57,-0.2,0.14,0.03,6.859999999999999,13.27,0.04,2317.08,1.35,0.06,89.02,2241.34,1592,-26,1180.04,0.88,1.22,19306691
2505 國揚,2017-09-30,2505,建設,-0.08,-0.15,-0.14,-0.84,-0.84,88.61999999999999,88.61999999999999,-591.41,-599.8599999999999,-618.37,-8.450000000000001,-623.11,90,680.03,-7.96,1.27,0,12.69,12.69,12.69,0.69,-1.1,0.02,-0.1,-0.1,12.69,-77.76,50.449999999999996,50.449999999999996,28,26.25,20.630000000000003,20.630000000000003,24.22,-2.36,6.59,0.25,-99.44000000000001,-129.59,-130.19,171.87,16.08,-378.38,107.14999999999999,51.72,48.28,92.24000000000001,-1.03,-1.05,0,0.05,1856.62,0,904244.8400000001,0.04,0,33731.87,872369.59,112,-663,2625.56,0.95,1.99,6918984
2511 太子,2017-09-30,2511,建設,1.07,0.84,1.03,1.48,1.52,23.37,23.37,7.67,8.68,8.4,1,8.639999999999999,2603,15.69,-5.17,0.84,3.16,14.32,14.32,14.32,1.12,-0.27,2.54,0.19,0.22,14.32,67.64,10.29,10.29,35.309999999999995,56.67,97.54,97.54,75.11999999999999,-5.88,-0.38,0.29,135.82000000000002,152.76,62.220000000000006,341.55,51.260000000000005,37.65,105.55,51.35,48.65,79.64999999999999,1.95,2.2,0.08,4.84,18.8,0.14,650.2,0.64,0.18,64.14,604.87,1583,121,2476.9100000000003,0.78,1.36,18181251
2520 冠德,2017-09-30,2520,建設,0.95,0.71,0.83,1.52,1.53,32.06,32.06,10.92,9.82,9.04,-1.1,9.06,933,21.150000000000002,0.29000000000000004,0.94,7.92,22.97,22.97,22.97,0.8200000000000001,0.15,4.41,0.48,0.43,22.97,-24.49,-0.65,-0.65,-26.84,-34.1,-42.27,-42.27,-34.51,6.43,-1.04,-0.31,-9.62,-11.719999999999999,17.56,138.56,22.56,73.47,240.93,70.67,29.33,192.69,4.72,4.24,0.05,1.51,60.39,0.05,1680.72,0.28,0.17,203.04,1538.07,2334,255,8217.49,0.8,0.99,9068238
2524 京城,2017-09-30,2524,建設,1.22,1.1,1.15,2.57,2.58,31.810000000000002,31.810000000000002,23.1,21,20.32,-2.1,20.45,186,8.719999999999999,1.75,0.69,3.22,30.419999999999998,30.419999999999998,30.419999999999998,2.01,0.78,3.8,0.88,0.8,30.42,95.38,32.839999999999996,32.839999999999996,28.27,34.99,36.39,36.39,37.74,4.7,7.24,0.28,43.71,101.54,251.84,185.70999999999998,2.32,35.379999999999995,182.89000000000001,64.65,35.35,162.3,8.77,7.970000000000001,0.04,45.83,1.99,0.03,2814.38,1.45,0.13,151.59,2664.77,7842,1811,5366.05,0.77,2.23,8991918
2527 宏璟,2017-09-30,2527,建設,0.83,0.74,0.8,1.35,1.35,49.94,49.94,-39.6,203.93,217.53,243.53,217.60999999999999,121,89.54,-5.6499999999999995,1.01,0,27.23,27.23,27.23,0.26,-2.91,0.18,-0.07,0.37,27.23,-69.84,-45.42,-45.42,-92.16999999999999,-25.759999999999998,-17.21,-17.21,-17.35,13.9,-3.53,-0.05,23.52,40.48,281.74,113.34,1.3900000000000001,75.02,178.64,64.11,35.89,164.23,-0.69,3.55,0,3.17,28.7,0,55048.09,0.06,0.01,3560.92,51515.880000000005,389,-154,6466.110000000001,0.73,24.75,5189875
2528 皇普,2017-09-30,2528,建設,-1.4,-0.38,-0.36,-0.65,-0.66,98.41000000000001,98.41000000000001,-13919.05,-16085.710000000001,-15044.44,-2166.67,-15120.630000000001,19,14017.46,-2.57,0.61,0,10.56,10.56,10.56,-0.08,-0.08,0,-0.06,-0.07,10.56,-99.11999999999999,-93.39,-93.39,-2.24,-88.11999999999999,-75.94000000000001,-75.94000000000001,-40.96,5.97,12.39,-0.2,-99.32,-30.43,-71.8,321.88,138.14,-36.91,30.330000000000002,23.27,76.73,26.919999999999998,-0.64,-0.74,0,0.01,14180.11,0,71281847,2.21,0,3939481,67356546.11,3,-462,0.63,2.1,30.37,3036433
2530 華建,2017-09-30,2530,建設,-0.57,-0.24,-0.38,-0.61,-0.84,-68,-68,-338.18,-280.51,-285.07,57.660000000000004,-397.33,38,270.18,7.71,0.41,0,12.1,12.1,12.1,-0.54,0.3,0.03,-0.09,-0.08,12.1,-92.14999999999999,-124.83,-124.83,-659.12,-5.74,0.53,0.53,-38.42,3.14,-9.209999999999999,0,219.36,-12.07,27.150000000000002,533.03,33.44,-60.65,63.809999999999995,38.95,61.05,59.63,-0.93,-0.77,0,0.8600000000000001,105.23,0,35965.41,0.12000000000000001,0,528.51,35542.14,196,-664,1680.29,1.14,51.54,3709302
2534 宏盛,2017-09-30,2534,建設,1.12,1.07,1.02,2.53,2.3,51.61,51.61,38.39,47.65,44.8,9.26,40.660000000000004,85,13.219999999999999,-5.14,0.52,5.98,18.279999999999998,18.279999999999998,18.279999999999998,4.05,-1.45,1.02,0.39,0.49,18.28,57.660000000000004,110.36999999999999,110.36999999999999,296.35,290.48999999999995,779.71,779.71,698.22,3.2,20.2,0.81,-59.96,-63.25,-57.86,130.78,3.32,25.24,178.62,64.11,35.89,145.32000000000002,3.92,4.87,0.02,18.3,4.970000000000001,0.01,6195.85,227.66,0.06,130.81,6070.01,7084,2720,29.439999999999998,1.22,2.27,13166184
2536 宏普,2017-09-30,2536,建設,0.57,0.52,0.52,0.7,0.69,39.57,39.57,25.21,35.120000000000005,32.620000000000005,9.92,31.88,39,14.370000000000001,0.88,0.83,7.14,33.27,33.27,33.27,-0.27,0.2,0.71,0.18,0.25,33.27,-42.230000000000004,-28.72,-28.72,-43.77,-29.54,-31.09,-31.09,-32.56,7.8,-6.84,-0.16,174.6,958.08,356.27,235.1,4.33,41.05,68.8,40.76,59.24,49.96,1.8,2.5,0.01,2.19,41.5,0.01,10683.34,50.27,0.02,198.47,10526.369999999999,6082,1533,116.97,0.63,11.71,6988968
2537 聯上發,2017-09-30,2537,建設,0.49,0.44,0.44,0.51,0.51,32.11,32.11,10.139999999999999,17.17,15.97,7.03,15.950000000000001,29,21.97,-23.05,0.81,6.99,13.66,13.66,13.66,-0.08,-1.88,0.43,0.04,0.07,13.66,-8.05,-26.939999999999998,-26.939999999999998,-65.13,-45.9,-46.39,-46.39,-41.1,13.7,-3.52,-0.25,-28.150000000000002,-49.32,55.86,289.69,11.65,56.65,79.23,44.21,55.79,65.11999999999999,0.44,0.74,0.02,25.310000000000002,3.59,0.01,6202.17,89.47,0.03,236.82000000000002,5968.94,4483,455,52.660000000000004,0.61,6.4,2506645
2538 基泰,2017-09-30,2538,建設,0.54,0.45,0.49,0.75,0.76,69.91000000000001,69.91000000000001,10.05,138.70999999999998,138.23,128.66,140.39000000000001,47,59.86,-1.42,0.46,0.35,17.23,17.23,17.23,0.02,-0.24,0.1,0.01,0.14,17.23,33.41,32.82,32.82,200.3,166.10999999999999,165.88000000000002,165.88000000000002,167.45000000000002,-1.67,-5.609999999999999,0.81,31.7,172.20999999999998,55.120000000000005,175.42000000000002,38.14,44.63,134.83,57.42,42.58,107.98,0.1,1.36,0,1.6500000000000001,55.28,0,69870.14,71.71000000000001,0.01,6566.96,63358.46,915,92,12.719999999999999,0.58,12.93,4406402
2539 櫻花建,2017-09-30,2539,建設,2.64,2.36,2.37,4.48,4.48,25.95,25.95,20.6,20.419999999999998,18.459999999999997,-0.17,18.459999999999997,37,5.35,-7.92,1.17,9.61,14.4,14.4,14.4,3.8,-0.91,3.42,0.7,0.7,14.4,4808.6500000000005,2616.86,2616.86,1277.93,1718.62,9446.92,9446.92,773.09,16.24,19.459999999999997,2.24,290.75,155.45000000000002,155.41,251.4,1.1700000000000002,15.9,103.71000000000001,50.91,49.09,87.29,7.04,6.98,0.12,448.97999999999996,0.2,0.1,957.43,21.07,0.24,21.759999999999998,935.87,34911,7191,1646.86,1.9,1.98,10338355
2540 愛山林,2017-09-30,2540,建設,-0.1,-0.18,-0.17,-1.26,-1.26,13.9,13.9,-14.629999999999999,-26.71,-27.32,-12.08,-27.32,135,28.53,-1.79,1.01,0,27.610000000000003,27.610000000000003,27.610000000000003,0.46,-0.52,1.28,-0.19,-0.34,27.61,-59.809999999999995,-90.56,-90.56,-112.66,-126.23,-132.89000000000001,-132.89000000000001,-132.89000000000001,4.39,1.6800000000000002,-2.01,-34.809999999999995,-124.16,-197.8,192.82000000000002,11.639999999999999,-276.8,158.93,61.38,38.62,136.36,-1.87,-3.42,0.02,0.53,172.83,0.02,3904.53,0.22,0.05,344.39,3732.96,1390,-203,6390.73,0.82,3.25,3335150
2542 興富發,2017-09-30,2542,建設,1.29,1.37,1.28,4.02,3.64,29.19,29.19,20.05,20.43,19.25,0.38,17.45,925,9.139999999999999,0.54,0.85,5.8,26.830000000000002,26.830000000000002,26.830000000000002,2.14,0.3,6.09,1.22,1.24,26.83,-48.53,-46.879999999999995,-46.879999999999995,-48.56,-46.37,-44.160000000000004,-44.160000000000004,-50.39,12.96,-9.53,-0.89,132.37,302.91999999999996,309.75,184.95000000000002,29.919999999999998,30.84,261.85,72.36,27.64,197.73999999999998,11.92,12.15,0.06,6.359999999999999,14.31,0.05,1661.23,2.92,0.21,90.22,1585.32,7501,1504,2561.74,1.57,2.2,47948329
2547 日勝生,2017-09-30,2547,建設,0.28,-0.04,0.14,-4.2,-4.2,27.47,27.47,-7.17,-11.88,-12.49,-4.71,-12.5,866,34.64,1.1500000000000001,1.05,0,8.57,8.57,8.57,-2.21,0.7,3.1,-0.22,-0.37,8.57,235.58,101.31,101.31,74.61,61.68,60.839999999999996,60.839999999999996,60.77,9.03,-19.07,0.77,131.3,-34.02,-13.870000000000001,89.3,6.7700000000000005,-1629.6799999999998,893.3399999999999,89.93,10.07,637.3299999999999,-2.22,-3.68,0.03,3.98,22.86,0.05,1682.47,0.32999999999999996,0.34,205.55,1499.78,3201,-230,9562.99,1.53,1.95,11716889
2923 鼎固-KY,2017-09-30,2923,建設,1.01,0.43,0.57,0.27,0.51,65.2,65.2,56.82,26.66,10.89,-30.17,20.22,535,8.38,-17.650000000000002,1.85,59.13,29.130000000000003,29.130000000000003,29.130000000000003,0.7,-0.93,0.76,0.43,0.2,29.13,4.24,5.6,5.6,6.38,-27.49,-46.89,-46.89,-1.72,-2.31,-2.04,-0.1,17.7,-6.21,175.04,466.71,48.65,131.18,113.4,53.14,46.86,67.81,4.319999999999999,2.03,0.01,4.359999999999999,20.87,0.01,6912.5,1.1900000000000002,0.03,71.69,6861.68,2476,1407,2101.3100000000004,0.62,4.95,31325328
3052 夆典,2017-09-30,3052,建設,0.12,0.06,0.08,0.23,0.24,5.1899999999999995,5.1899999999999995,1.11,0.7,0.6,-0.41000000000000003,0.63,240,4.07,-21.7,-0.34,14.4,13.94,13.94,13.94,0.27,-6.05,5.45,0.06,0.04,13.94,26.110000000000003,71.98,71.98,168.22,12.67,-4.02,-4.02,-3.03,6.75,-0.45,0.09,105.05,-1.3800000000000001,78.99000000000001,153.3,11.47,-277.16,208.13,67.55,32.45,110.13,0.52,0.32999999999999996,0.14,2.8699999999999997,31.73,0.4,225.98000000000002,5.71,0.37,41.06,216.65,4556,51,796.5,0.7,0.49,1968884
3056 總太,2017-09-30,3056,建設,1.65,1.54,1.55,2.74,2.74,31.47,31.47,24.150000000000002,24.779999999999998,23.38,0.63,23.37,102,7.31,0.7899999999999999,1.21,5.65,21.8,21.8,21.8,3.3,0.16,2.52,0.61,0.62,21.8,397.78999999999996,9872.33,9872.33,595.3199999999999,676.3399999999999,719.01,719.01,662.9399999999999,16.65,3.9,1.67,-76.8,-80.98,-79.08,195.14,45.349999999999994,23.02,95.28,48.79,51.21,69.38,6.08,6.24,0.06,218.32000000000002,0.42000000000000004,0.06,1624.29,3.79,0.12,96.78,1527.92,5692,1375,1492.32,0.83,1.29,4148712
5519 隆大,2017-09-30,5519,建設,0.41,0.24,0.33,0.2,0.27,14.88,14.88,3.05,3.06,2.01,0,2.75,92,11.83,-10.08,0.89,34.39,16.88,16.88,16.88,1.04,-1.49,1.66,0.05,0.05,16.88,-22.259999999999998,-38.67,-38.67,-52.21,-59.56,-66.63,-66.63,-56.5,9.3,4.7,-0.19,-19.74,-63.27,-84.14999999999999,271.15000000000003,33.74,158.70999999999998,166.53,62.48,37.52,120.03,0.51,0.51,0.04,0.75,121.61999999999999,0.04,2130.15,3.4699999999999998,0.1,259.9,1991.8799999999999,3307,101,947.08,0.62,0.97,1913008
5525 順天,2017-09-30,5525,建設,0.1,0.28,0.16,0.43,0.43,23.64,23.64,3.9,3.8899999999999997,6.64,-0.01,6.64,118,19.74,-0.7,0.91,0,16.67,16.67,16.67,0.14,-0.21,1.17,0.05,0.05,16.67,-30.110000000000003,-42.349999999999994,-42.349999999999994,-82.82,-82.55,-68.75,-68.75,-72.97,7.66,-8.219999999999999,-0.39,-13.8,-67.8,-21.06,124.98,4.5,99.5,174.64,63.59,36.41,87.5,0.44,0.44,0.02,1.05,86.92,0.03,2603.36,3.17,0.06,152.63,2537.65,2132,83,666.19,0.98,3.82,3505297
5533 皇鼎,2017-09-30,5533,建設,0.99,0.71,0.83,1.05,1.05,19.7,19.7,10.209999999999999,7.44,6.28,-2.7600000000000002,6.3,453,9.49,18.35,0.63,15.65,25.279999999999998,25.279999999999998,25.279999999999998,0.72,3.07,4.21,0.43,0.31,25.28,179.67,113,113,234.59,278.83,236.6,236.6,349.51,1.06,0.24000000000000002,0.34,93.85,39.37,54.809999999999995,211.95000000000002,13.56,43.86,107.24000000000001,51.75,48.25,101.42,4.3,3.13,0.08,65.33,1.3900000000000001,0.1,901.01,0.27,0.17,13.2,889.2,2651,271,9831.38,0.62,1.58,4435544
5534 長虹,2017-09-30,5534,建設,2.16,2.09,2.09,4.63,4.62,39.13,39.14,34.55,41.99,40.82,7.44,40.75,110,4.59,-1.05,0.74,2.79,42.809999999999995,42.809999999999995,42.809999999999995,7.96,-0.48,4.79,1.66,2.01,42.81,61.67,102.79,102.69,127.73,-58.230000000000004,-59.04,-59.04,-59.13,3.21,5.470000000000001,-2.82,-10.03,0.8500000000000001,-2.8499999999999996,205.79,8.94,12.129999999999999,125.77,55.71,44.29,80.09,16.56,20.130000000000003,0.05,5.119999999999999,17.759999999999998,0.03,2687.65,16.09,0.11,169.78,2535.63,12651,4372,784.9499999999999,1.63,4.33,20206620
6177 達麗,2017-09-30,6177,建設,0.65,0.53,0.55,0.46,0.45,31.54,31.54,7.71,5.46,4.53,-2.25,4.38,134,23.830000000000002,-6.98,1.23,17.09,20.35,20.35,20.35,4.03,-1.8,2,0.15,0.11,19.95,7.98,7.04,7.04,-32.1,-29.16,-28.09,-28.09,-34.74,-9.49,22.16,0.11,-87.52,-96.25,-97.7,200.75,12.52,136.51,197.37,66.37,33.63,152.16,1.4,0.99,0.03,14.29,6.37,0.03,2981.73,2.9099999999999997,0.1,208.66,2779.44,3169,244,1085.43,1.74,1.75,7512799
9945 潤泰新,2017-09-30,9945,建設,3.83,3.66,3.78,7.13,7.13,30.39,30.39,17.939999999999998,98.31,97.43,80.36,97.43,1911,12.450000000000001,3.68,0.57,0.89,25.37,25.37,25.37,4.42,0.65,1.91,0.34,1.94,25.37,-1.36,22.85,22.85,31.9,26.36,28.4,28.36,28.36,13.64,18.79,0.8,33.760000000000005,267.8,168.39000000000001,116.51,10.46,6.58,96.55,49.12,50.88,83.57,3.42,18.73,0.04,2.66,34.25,0.08,1151.8899999999999,0.8,0.07,90.93,1095.21,1667,299,2070.53,1.11,3.98,46902096
9946 三發地產,2017-09-30,9946,建設,0.9,0.72,0.74,1.07,1.07,41.41,41.41,25.58,24.55,20.19,-1.04,20.2,140,15.82,-1.91,1.23,17.74,18.16,18.16,18.16,0.93,-0.24,0.96,0.25,0.24,18.16,-61.43,-25.25,-25.25,35.63,17.93,55.64,55.64,78.11,5.4,2.42,0.17,111.93,4520.91,3764.05,312.64000000000004,29.939999999999998,77.98,124.86999999999999,55.53,44.47,107.38,2.46,2.36,0.02,8.29,10.98,0.02,5462.110000000001,1.85,0.05,228.1,5244.98,1795,459,971.26,0.6,2.22,2837557
2363 矽統,2017-09-30,2363,IC設計,1.5,1.01,1.07,1.02,1.02,49.15,49.15,-131.60999999999999,136.03,136.01,267.64000000000004,136.05,218,180.76,-97.53,0,0.01,13.69,13.69,13.69,-0.43000000000000005,-0.1,0.1,-0.13,0.14,13.69,67.13,74.44000000000001,74.44000000000001,14.44,-18.419999999999998,-18.419999999999998,-18.419999999999998,-17.08,11.85,11.68,-0.24,4.68,8.239999999999998,187.62,2079.72,1975.85,0,0.8300000000000001,0.82,99.18,0,-1.33,1.3800000000000001,0.01,1.81,50.260000000000005,0.63,143.48000000000002,0.07,0.01,61.2,132.54,261,-343,3492.58,0.55,19.87,4206066
2379 瑞昱,2017-09-30,2379,IC設計,3.04,2.24,2.8,5.52,5.42,43.949999999999996,43.949999999999996,8.4,11.19,10.54,2.8,10.34,4169,35.57,2.4299999999999997,0.2,5.85,42.47,42.47,42.47,7.1,1.45,21.62,1.82,2.43,42.47,6.54,11.98,11.98,-5.81,50.720000000000006,54.08,54.08,51.52,0.37,-0.01,0.7,10.05,23.82,23.610000000000003,149.96,128.23999999999998,2.9299999999999997,144.22,59.05,40.95,72.19,18.150000000000002,24.2,0.21,2.4299999999999997,37.52,1.01,90.17999999999999,3.42,0.52,82.2,45.5,2627,221,771.64,2.51,1.33,53942889
2388 威盛,2017-09-30,2388,IC設計,-0.29,0.28,0.66,0.38,-0.1,25.79,25.79,-34.879999999999995,1.6500000000000001,1.3,36.53,-0.33999999999999997,1687,60.67,10.99,0.37,21.61,7.159999999999999,7.159999999999999,7.159999999999999,-0.07,0.59,2.22,-0.78,0.04,7.16,-1.1700000000000002,-19.87,-19.87,-24.86,29.38,-51.160000000000004,-51.160000000000004,-103.38,-15.71,-3.42,-0.22,-10.360000000000001,-36.730000000000004,19.95,111.2,84.14999999999999,45.61,114.32,53.34,46.66,58.760000000000005,-7.76,0.37,0.13,3.2600000000000002,27.9,1.81,50.33,0.5,0.3,45.97,32.260000000000005,651,-227,1305.6599999999999,1.55,1.14,5475663
2401 凌陽,2017-09-30,2401,IC設計,-1.16,0.96,1.2,1.21,0.83,39.8,39.8,3.03,7.970000000000001,6.84,4.94,4.68,1415,36.77,6.25,0.34,14.11,15.17,15.17,15.17,0.11,0.26,3.14,0.1,0.25,15.17,-1.49,-3.03,-3.03,7728.35,85.72,120.97,120.97,920.23,-5.83,-1.25,0.38,1.05,-16.35,69.61999999999999,339.56,279.37,3.3899999999999997,28.97,22.46,77.54,11.53,0.9500000000000001,2.4899999999999998,0.14,1.29,70.8,1.03,87.94000000000001,0.8500000000000001,0.18,56.89,101.86,1307,40,1535.51,1.08,1.39,9649502
2436 偉詮電,2017-09-30,2436,IC設計,0.99,2.73,2.6,3.62,3.14,25.71,25.71,6.359999999999999,17.939999999999998,16.62,11.58,14.450000000000001,293,19.35,-13.42,0.27,7.38,14.370000000000001,14.370000000000001,14.370000000000001,0.45,-0.58,3.08,0.2,0.56,14.37,17.01,26.62,26.62,82.82,66.92,65.07,65.07,41.949999999999996,15.79,11.6,1.08,22.49,136.52,122.8,400.58,348.31,0.74,32.65,24.61,75.39,10.8,1.96,5.53,0.16,0.9400000000000001,97.16,1.09,83.71000000000001,3.3499999999999996,0.22,73.99000000000001,106.86999999999999,2341,149,695.88,1.96,2.76,6266190
2454 聯發科,2017-09-30,2454,IC設計,0.32,1.33,1.71,1.99,2,36.42,36.42,7.79,8.83,7.95,1.04,7.98,16005,28.630000000000003,5.45,0.44,9.97,162.92000000000002,162.92000000000002,162.92000000000002,8.05,4.44,40.44,3.15,3.59,162.92,-18.82,-16.06,-16.06,-34.94,-34.760000000000005,-35.37,-35.37,-35.449999999999996,6.6,12.07,-0.65,9.59,110.29,128.96,175.28,143.75,5.1899999999999995,52.18,34.29,65.71,25.17,31.35,35.53,0.16,3.01,30.27,1.07,85.17999999999999,1.74,0.25,66.16,49.3,3977,310,2294.9900000000002,1.8,1.87,461117729
2458 義隆,2017-09-30,2458,IC設計,5.38,3.97,4.25,5.71,5.78,46.04,46.04,21.68,22.17,18.05,0.48000000000000004,18.27,1162,24.36,20.32,0.54,18.57,17.02,17.02,17.02,2.4699999999999998,1.17,5.19,1.12,1.15,17.02,10.209999999999999,22.52,22.17,49.39,69.99000000000001,70.96000000000001,70.96000000000001,57.449999999999996,0.15,4.94,1.59,15.7,41.47,39.3,326.33,191.18,0.29000000000000004,40.48,28.81,71.19,3.55,10.79,11.03,0.22,1.56,58.24,1.11,82.04,3.7800000000000002,0.32,68.4,71.88,1859,403,490.46999999999997,2.59,2.53,18363022
3006 晶豪科,2017-09-30,3006,IC設計,0.97,2.28,3.05,3.09,2.85,19.56,19.56,6.76,9.450000000000001,8.38,2.69,7.74,439,12.8,24.72,0,11.23,47.25,47.25,47.25,3.8899999999999997,2.06,16.94,1.14,0.86,26.17,3.71,45.760000000000005,45.760000000000005,140.76999999999998,82.64,148.95000000000002,148.95000000000002,2254.71,4.75,4.119999999999999,1.62,1.26,26.7,-33.230000000000004,355.96999999999997,206.46,0.13,33.78,25.25,74.75,0,6.04,8.44,0.27,2.59,35.11,0.61,149.64,3.12,0.37,71.36,113.38,5797,392,1935.62,1.65,1.12,11685334
3034 聯詠,2017-09-30,3034,IC設計,4.2,3.74,3.53,5.86,5.07,29.01,29.01,12.88,14.76,12.54,1.8800000000000001,10.860000000000001,2402,16.130000000000003,17.17,0.41,15.04,44.790000000000006,44.790000000000006,44.790000000000006,7.78,3.83,20.37,2.62,3.01,44.79,3.14,7.970000000000001,7.970000000000001,9.18,28.6,26.66,26.66,9.48,10.04,2.05,0.86,5.02,15.360000000000001,26.810000000000002,255.93,211.41,0.8700000000000001,51.5,33.99,66.01,11.77,26.23,30.07,0.3,1.1400000000000001,79.52,1.52,59.83,6.31,0.47,73.77,65.58,5162,665,831.9399999999999,2.56,1.5,69674510
3035 智原,2017-09-30,3035,IC設計,3.2,1.74,2.49,2.31,1.78,52.5,52.5,8.7,12.12,9.77,3.4099999999999997,7.51,842,43.8,20.04,0,19.34,21.93,21.93,21.93,1,1.22,5.17,0.45,0.63,21.93,-17.58,-1.94,-1.94,25.82,122.22,147.43,147.43,97.3,13.56,12.1,1.12,-16.04,-38.47,-16.979999999999997,287.86,244.68,0,28.91,22.43,77.57,3.4499999999999997,4.44,6.18,0.18,1.62,56.160000000000004,1.1,82.55,2.3499999999999996,0.24,104.46000000000001,34.25,1507,131,642.75,1.96,1.84,10550948
3041 揚智,2017-09-30,3041,IC設計,-1.65,-1.93,-1.3,-2.3,-2.37,29.66,29.66,-16.79,-14.950000000000001,-12.31,1.84,-12.7,600,46.449999999999996,-38.03,0,0,15.4,15.4,15.4,-1.3,-1.04,2.9,-0.49,-0.44,15.4,8.370000000000001,-10.57,-10.57,-26.05,-23.759999999999998,-26.87,-26.87,-30.07,-11.94,-13.59,-0.36,-4.74,-0.31,-6.29,530.4399999999999,440.15000000000003,0,17.87,15.16,84.84,0,-4.75,-4.23,0.16,3.3699999999999997,27,0.9500000000000001,95.83,1.72,0.19,76.42,46.41,1428,-240,824.91,1.29,1.75,5855136
3257 虹冠電,2017-09-30,3257,IC設計,2.51,1.56,2.31,1.75,1.75,46.849999999999994,46.849999999999994,11.88,13.57,13.16,1.6900000000000002,13.16,88,34.97,79.72,0.5,3.02,23.21,23.21,23.21,1.21,2.21,3.06,0.36,0.42,23.21,1.62,-1.22,-1.22,-32.48,-14.99,-4.470000000000001,-4.470000000000001,-4.470000000000001,4.41,1.94,-0.02,14.96,7.26,-16.64,670.91,547.3499999999999,0.06,12.09,10.79,89.21,0,3.63,4.1499999999999995,0.12,0.63,144.83,0.56,162.69,0.74,0.13,67.01,240.52,2411,286,3220.48,2.55,5.23,4100358
3443 創意,2017-09-30,3443,IC設計,3.49,2.3,3.02,4.62,4.61,22,22,5.2,5.68,4.859999999999999,0.48000000000000004,4.85,526,16.8,39.71,0,14.37,27.45,27.45,27.45,4.78,11.43,25.48,1.33,1.45,27.45,42.93,26.74,26.74,11.48,22.6,23.04,23.04,23.06,33.56,4.59,0.47,26.49,-6.159999999999999,-4.55,181.3,134.70999999999998,0,106.73,51.63,48.37,0.97,13.25,14.47,0.47,4.29,21.2,2.07,43.86,9.32,0.95,38.51,26.55,6490,338,698.08,7.58,2.47,27874288
3545 敦泰,2017-09-30,3545,IC設計,1.24,0.91,1.09,1.22,1.22,20.6,20.6,3.96,4.63,4.1,0.6599999999999999,4.1,787,16.630000000000003,17.150000000000002,0.04,11.28,37.730000000000004,37.730000000000004,37.730000000000004,1.07,2.31,11.17,0.44,0.53,37.73,6.83,7.17,7.17,25.71,44.27,44.160000000000004,44.160000000000004,44.120000000000005,11.11,-0.21000000000000002,0.3,25.7,1874.8899999999999,329.57,256.44,94.98,0.21000000000000002,38.620000000000005,27.86,72.14,8.219999999999999,4.34,5.07,0.22,2.44,37.25,0.76,119.64,2.4,0.3,60.61,96.28,4149,164,1733.75,0.98,1,10763901
3588 通嘉,2017-09-30,3588,IC設計,2.34,0.99,1.8,1.21,1.22,34.09,34.09,5.930000000000001,6.63,4.95,0.7,4.99,145,28.16,-7.2,0,25.38,25.66,25.66,25.66,0.9500000000000001,-0.32,6.21,0.37,0.42,25.66,-19.58,-20.7,-20.7,-60.32,-49.74,-52.220000000000006,-52.220000000000006,-55.83,-7.79,-1.24,-0.88,16.73,143.26999999999998,550.65,476.59,372.16,0,18.07,15.3,84.7,0,3.69,4.119999999999999,0.2,2.11,43.14,0.9400000000000001,96.79,0.71,0.24,62.349999999999994,77.58,2028,120,2866.4500000000003,1.07,1.2,1304685
3661 世芯-KY,2017-09-30,3661,IC設計,7.47,2.76,6.3,3.77,3.89,19.330000000000002,19.330000000000002,6.64,7.119999999999999,6.119999999999999,0.48000000000000004,6.31,251,12.69,-24.23,0.53,14.06,43.65,43.65,43.65,5.159999999999999,-2.36,26.44,1.76,1.88,43.66,76.89,188.70999999999998,188.70999999999998,370.28999999999996,627.2800000000001,484.6,484.6,272.88,13.27,8.05,3.22,37.46,15.05,6.17,397.97999999999996,361.44,0.52,23.939999999999998,19.31,80.69,3,17.56,18.830000000000002,0.45,2.79,32.57,2.73,33.28,4.96,0.62,34.47,31.38,6400,425,1218.53,2.18,1.27,5782924
4919 新唐,2017-09-30,4919,IC設計,4.95,3.35,4.19,5.96,5.96,42.2,42.2,9.239999999999998,10.04,8.49,0.8,8.49,1619,32.96,10.41,0,15.51,17.23,17.23,17.23,3.2600000000000002,0.97,11.61,1.07,1.17,17.23,12.129999999999999,19.6,19.6,53.07,48.53,42.120000000000005,42.120000000000005,47.11,7.42,8.78,1,0.17,-1.76,-17.47,220.87,127.69,0,68.14999999999999,40.53,59.47,0,10.729999999999999,11.66,0.39,2.62,34.71,0.91,100.4,3.8299999999999996,0.7,58.71,76.4,1489,138,390.13,3.57,1.41,12764571
4952 凌通,2017-09-30,4952,IC設計,4.26,3.04,3.63,4.77,4.76,34.97,34.97,13.25,13.370000000000001,11.450000000000001,0.11,11.42,303,21.71,9.639999999999999,0.88,14.34,18.91,18.91,18.91,3.19,0.68,7.69,1.02,1.03,18.91,-0.04,-2.7,-2.7,-5.18,-5.07,-5.22,-5.22,-5,2.64,-2.3,-0.12,-13.75,-27.419999999999998,-28.16,291.02,225.48000000000002,1.37,43.08,30.11,69.89,11.51,10.19,10.28,0.26,1.11,82.14999999999999,1.1500000000000001,79.17999999999999,1.45,0.42,56.89,104.43,2761,366,1910.01,2.89,1.9,5941299
4968 立積,2017-09-30,4968,IC設計,5.12,3.81,4.55,6.38,6.38,31.52,31.52,9.27,9.239999999999998,8.32,-0.03,8.32,192,22.25,6.430000000000001,0,9.97,17.37,17.37,17.37,2.4299999999999997,0.66,12.88,1.19,1.19,17.37,26.759999999999998,15.61,15.61,24.279999999999998,92.5,95.5,95.5,95.5,12.71,6.930000000000001,1.86,7.81,-23.459999999999997,-20.97,248.43,144.68,0,59.230000000000004,37.2,62.8,0,11.93,11.9,0.46,1.28,71.22,1.06,86.07,11.78,0.77,78.74000000000001,78.56,3681,341,339.04,6.02,2.24,5735692
5471 松翰,2017-09-30,5471,IC設計,3.33,2.21,2.72,2.83,2.83,39.03,39.03,10.28,11.2,9.09,0.92,9.09,546,28.75,16.4,0,18.81,17.23,17.23,17.23,1.58,0.49,5.29,0.54,0.59,17.23,7.64,4.23,4.23,21.99,6.33,12.68,12.68,16.95,-1.69,-1.6,0.26,-5.75,2.58,-5.8,565.88,434.59,0,20.9,17.29,82.71,0,5.430000000000001,5.92,0.24,1.74,52.42,0.93,97.85,2.05,0.31,45.790000000000006,104.48,1626,167,779.81,1.9,1.62,5489578
6202 盛群,2017-09-30,6202,IC設計,5.5,4.54,5.03,6.47,6.47,47.839999999999996,48.13,20.36,24.51,21.259999999999998,4.1499999999999995,21.259999999999998,687,27.77,37.190000000000005,0,13.27,16.779999999999998,16.779999999999998,16.779999999999998,3.74,1.63,4.97,1.01,1.22,16.78,5,4.6499999999999995,4.08,4,14.639999999999999,14.350000000000001,14.350000000000001,14.350000000000001,4.96,1.21,0.49,-2.59,3.4,3.4,386.1,283.24,0,30.39,23.31,76.69,0,10.12,12.19,0.21,1.37,66.51,0.9,101.35,2.64,0.3,95.78,72.07,1637,333,616.37,3.49,2.98,13253445
6243 迅杰,2017-09-30,6243,IC設計,-2,-2.31,-1.27,-2.93,-1.96,25.03,25.03,-14.98,-13.81,-13.81,1.1700000000000002,-9.25,125,40.01,-31.259999999999998,0.51,0,8.450000000000001,8.450000000000001,8.450000000000001,-1.5,-0.78,1.82,-0.27,-0.25,8.45,-5.9,-11.69,-11.69,4.24,46.9,46.9,46.9,64.69,-2.26,-15.26,2.05,19.58,34.53,26.97,423.04,274.55,-0.89,29.99,23.07,76.93,14.6,-2.72,-2.51,0.17,0.92,98.51,0.71,128.52,8.83,0.21,63.190000000000005,163.84,1091,-163,136.16,2.18,2.77,1379558
6415 矽力-KY,2017-09-30,6415,IC設計,4.63,4.11,4.51,4.85,4.84,47.54,47.54,22.34,20.93,20.3,-1.4,20.279999999999998,566,25.39,74.6,0.41,3,114.67999999999999,114.67999999999999,114.67999999999999,20.91,6.38,26.12,5.83,5.58,114.68,20.57,20.959999999999997,20.959999999999997,49.41,23.57,19.59,19.59,21.36,15.06,54.18,0.46,4.470000000000001,-1.36,-7.84,820.05,589.87,0.98,14.68,12.8,87.2,6.83,58.339999999999996,54.67,0.2,3.25,27.99,0.75,121.22,4.319999999999999,0.24,32.27,116.94000000000001,4032,901,963.51,6.06,7.21,60744944
6531 愛普,2017-09-30,6531,IC設計,2.51,1.86,2.14,2.49,2.51,23.95,23.95,9.729999999999999,9.209999999999999,7.87,-0.52,7.94,166,14.219999999999999,10.05,0.27,14.55,37.15,37.15,37.15,5.75,1.34,13.09,1.27,1.21,37.15,47.21,32.9,32.9,88.01,719.3299999999999,1064.62,1064.62,1102.06,39.5,27.88,1.94,-18.259999999999998,-32.02,-23.22,361.82,258.16,0.89,31.59,24.01,75.99,10.42,12.739999999999998,12.05,0.23,1.37,66.36999999999999,0.91,100.53,7.48,0.32,70.11999999999999,96.79,5578,543,728.8599999999999,2.19,1.28,5752463
6533 晶心科,2017-09-30,6533,IC設計,1.57,1.5,1.53,1.55,1.55,99.64,99.64,25.85,26.86,26.4,1.01,26.4,130,73.79,-68.92,0,1.71,28.4,28.4,28.4,0.99,-0.52,1.65,0.43,0.44,28.41,16.79,16.86,16.86,382.28999999999996,410.14000000000004,386,386,386,46.9,47.449999999999996,2.04,-19.7,1174.45,471.9,3768.63,3721.03,0,2.66,2.59,97.41,0,4.2700000000000005,4.44,0.06,0.9,100.6,0.19,466.97999999999996,22.91,0.06,30.150000000000002,537.43,517,134,23.830000000000002,4.65,16.9,5360652
8016 矽創,2017-09-30,8016,IC設計,4.5,3.42,4.02,5.2,5.28,25.779999999999998,25.779999999999998,9.83,10.6,9.61,0.77,9.76,624,15.950000000000001,29.66,8.73,9.27,38.9,38.9,38.9,7.6499999999999995,5.66,21.93,2.16,2.35,38.9,-8.07,-13.1,-13.1,-26.54,-19.810000000000002,-20.07,-20.07,-20.759999999999998,4.39,8.629999999999999,-0.75,14.01,17.439999999999998,16.939999999999998,253.23999999999998,171.76,0.65,47.290000000000006,32.11,67.89,0.76,21.56,23.24,0.35,2.6,34.97,1.07,84.99000000000001,3.4499999999999997,0.54,58.82,61.15,4236,416,1228.84,2.3,1.12,10762168
8261 富鼎,2017-09-30,8261,IC設計,2.1,1.33,1.73,1.79,1.8,16.02,16.02,4.07,4.67,3.82,0.6,3.8499999999999996,116,11.96,4.42,2.12,18.12,15.719999999999999,15.719999999999999,15.719999999999999,0.25,0.3,7.37,0.3,0.34,15.72,18.51,23.59,23.59,56.349999999999994,221.7,221.22,221.22,218.08,3.43,-0.26,0.98,26.17,86.52,139.31,262.44,160.56,1.03,42.339999999999996,29.75,70.25,3.44,3,3.44,0.35,1.2,75.67999999999999,1.05,86.29,2.3099999999999996,0.47,63.44,98.53,5163,210,2233.75,1.62,1.06,2072895
2328 廣宇,2017-09-30,2328,連接器,2.17,1.39,1.83,2.23,2.22,8.860000000000001,8.860000000000001,3.8899999999999997,4.29,3.4899999999999998,0.4,3.46,9081,4.970000000000001,6.17,0.71,18.76,20.23,20.23,20.23,1.2,0.9,14.53,0.57,0.62,20.23,55.24,103.8,103.8,871.62,141.84,145.64,145.64,143.29,9.51,5.56,0.62,21.75,12.34,31.43,180.20999999999998,150.47,2,64.79,39.32,60.68,6.14,5.6499999999999995,6.24,0.39,1.07,84.9,3.3899999999999997,26.85,3.8899999999999997,0.64,69.81,41.94,829,32,213.06,1.24,0.53,13036402
2392 正崴,2017-09-30,2392,連接器,1.84,0.97,1.97,2.27,2.35,10.2,10.2,1.98,2.57,2.18,0.6,2.2600000000000002,50354,8.219999999999999,10.78,0.48,15.15,46.2,46.2,46.2,2.8,7.55,53.48,1.06,1.38,46.2,4.34,8.48,8.48,59.09,150.09,150.56,150.56,142.49,0.56,1.23,0.55,46.68,559.7900000000001,78.58,108.64,68.54,11.06,168.33,62.73,37.27,55.07,10.57,13.77,0.4,1.82,49.93,2.22,40.97,1.41,1.04,60.99,29.91,544,11,387.38,0.9,0.23,21415227
2440 太空梭,2017-09-30,2440,連接器,2.5,2.1,2.35,4.14,4.17,9.47,9.47,4.67,5.72,5.55,1.05,5.59,553,4.8,0.11,0.73,3.02,8.39,8.39,8.39,0.63,0.01,6.11,0.29,0.35,8.39,40.2,17.08,17.08,47.96,231.47,292.08,292.08,239.37,15.4,3.42,1.53,15.93,318.88,255.38000000000002,122.53,90.11999999999999,12.93,121.36,54.83,45.17,93.24000000000001,2.8499999999999996,3.5,0.34,0.89,102.07,2.66,34.230000000000004,2.7,0.75,20.110000000000003,116.19,1538,72,571.49,1.22,0.49,1418993
2462 良得電,2017-09-30,2462,連接器,0.32,0.87,0.67,1.51,0.73,9.88,9.88,1.04,3.3699999999999997,3.23,2.3299999999999996,1.55,3565,8.84,-8.4,0.72,4.16,18.23,18.23,18.23,0.59,-1.1,8.45,0.09,0.28,18.23,1.1500000000000001,-25.09,-25.09,-81.25,-19.91,-2.3699999999999997,-2.3699999999999997,-55.730000000000004,8.05,-0.51,0.02,14.43,-33.86,38.89,172.25,133.03,11.75,91.61999999999999,47.81,52.19,31.779999999999998,0.88,2.8499999999999996,0.25,0.72,127.11,1.8,50.55,1.2,0.47,61.17,116.48,338,4,305.98999999999995,1.69,1.01,4381383
3011 今皓,2017-09-30,3011,連接器,-0.92,-1.7,-1.07,-2.48,-2.34,13.55,13.55,-9.62,-10.2,-10.32,-0.58,-9.75,603,23.17,-6.57,0.26,0,10.93,10.93,10.93,-0.28,-0.3,2.64,-0.25,-0.27,10.93,-18.05,-42.68,-42.68,-242.18,-230.43,-277.66,-277.66,-291.44,-8.2,-4.79,-2.9,13.18,-278.71999999999997,-217.35000000000002,225.38000000000002,166.52,-0.99,47.21,32.07,67.93,7.3,-2.54,-2.7,0.17,0.8,114.14999999999999,0.96,94.84,0.76,0.24,117.24000000000001,91.75,494,-48,650.8299999999999,0.7,0.78,856664
3021 鴻名,2017-09-30,3021,連接器,2.26,1.7,2.07,2.91,2.91,24.77,24.77,7.85,6.46,6.08,-1.3900000000000001,6.08,1227,16.919999999999998,8.51,0.44,5.92,12.08,12.08,12.08,1.1600000000000001,0.78,5.61,0.44,0.37,12.08,8.48,20,20,27.759999999999998,-2.06,7.819999999999999,7.819999999999999,7.819999999999999,7.62,3.74,0.06,-5.159999999999999,-5.75,-19.939999999999998,186.99,128.73999999999998,5.22,76.99000000000001,43.5,56.5,38.15,4.41,3.63,0.27,0.92,98.61,1.1500000000000001,79.16,1.83,0.48,66.86999999999999,110.89,438,34,242.23,1.44,0.8,1662356
3023 信邦,2017-09-30,3023,連接器,4.26,3.1,3.38,6.17,6.09,24.959999999999997,24.959999999999997,12.4,13.15,10.09,0.75,9.950000000000001,5679,12.57,5.6,0.46,23.32,25.8,25.8,25.8,5.03,1.28,15.56,1.93,2.05,25.8,8.52,13.08,13.08,17.32,17.25,19.37,19.37,16.25,10.46,8.94,0.52,5.28,18.56,2.69,182.33,135.7,2.03,97.67999999999999,49.41,50.59,29.79,19.29,20.459999999999997,0.3,0.9,100.96000000000001,1.29,70.72,2.55,0.61,87.43,84.25,618,77,258.78999999999996,3.1,1.39,18010738
3419 譁裕,2017-09-30,3419,連接器,2.09,0.35,1.15,0.45,0.45,19.75,19.75,0.55,1.71,1.4,1.1600000000000001,1.42,1169,19.19,-11.19,0.48,17.84,13.53,13.53,13.53,1.03,-0.66,4.34,0.02,0.07,13.53,-28.43,-21.25,-21.25,-88.57,-82.36999999999999,-85.2,-85.2,-85.04,-4.48,-0.23,-1.95,-0.04,-75.66999999999999,-32.25,221.93,190.37,13.48,44.64,30.86,69.14,12.89,0.24000000000000002,0.74,0.22,0.56,161.35000000000002,2.11,43.1,1.2,0.32,81.93,122.51,447,2,370.65000000000003,1.49,0.96,2421648
3432 台端,2017-09-30,3432,連接器,-0.49,0.93,1.73,0.42,1.18,34.98,34.98,-11.219999999999999,15.59,12.67,26.810000000000002,36.120000000000005,186,46.190000000000005,44.55,4.74,18.72,20.39,20.39,20.39,-0.71,1.53,0.67,-0.07,0.1,20.39,-58.78,-61.13,-61.13,-81.33,233.81,224.36,224.36,249.33,-9.89,-3.44,0.89,-28.05,56.98,-47.67,525.7700000000001,501.97999999999996,78.34,25.23,20.15,79.85,15.49,-0.75,1.04,0.03,0.55,165.98000000000002,2.06,44.160000000000004,0.1,0.03,92.86,117.27,238,-27,2406.46,0.64,3.63,862289
3501 維熹,2017-09-30,3501,連接器,3.43,2.35,2.77,3.36,3.37,27.79,27.79,15.1,15.77,12.68,0.6699999999999999,12.7,3125,12.7,-2.7,0.29,19.6,46.53,46.53,46.53,5.46,-0.49,12.06,1.82,1.9,46.53,10.370000000000001,-9,-9,-18.919999999999998,7.02,9.07,9.07,8.719999999999999,11.2,1.06,0.17,23.97,17.55,25.57,247.33,181.20999999999998,0.99,45.92,31.47,68.53,21.53,18.21,19.02,0.18,0.9400000000000001,96.44000000000001,0.8300000000000001,109.75,0.63,0.27,40.48,165.70999999999998,457,69,743.54,1.15,1.3,6326750
3665 貿聯-KY,2017-09-30,3665,連接器,3.96,2.45,3.15,4.42,4.45,21.79,21.79,8.629999999999999,8.59,6.79,-0.04,6.83,5230,13.16,-3.6,0.34,20.98,62.03,62.03,62.03,9.33,-1.66,38.79,3.35,3.41,62.03,89.31,41.28,41.28,36.720000000000006,30.35,21.34,21.34,20.67,35.79,40.47,0.71,22.53,-0.45,2.57,171.31,112.16,1.78,79.3,44.23,55.77,17.08,33.48,33.32,0.36,1.1800000000000002,77.08,1.41,64.55,2.19,0.65,71.6,70.03,857,74,399.61,4.54,2.5,32541682
4943 康控-KY,2017-09-30,4943,連接器,15.15,9.11,11.76,18.27,18.27,47.01,47.01,35.25,34.68,26.39,-0.5700000000000001,26.39,2624,11.76,3.14,1.14,23.92,29.779999999999998,29.779999999999998,29.779999999999998,5.75,0.64,18.77,6.62,6.51,29.78,152.02,452.71,452.71,908.64,1047.53,1199.48,1199.48,1197.96,83.2,130.39000000000001,11.86,188.65,1459.82,2076.3500000000004,181.19,153.84,2.63,116.05,53.71,46.29,64.29,66.16,65.09,0.34,1.05,86.84,2.15,42.42,0.81,0.69,59.260000000000005,69.99000000000001,767,270,992.8499999999999,7.34,5.62,23416864
6115 鎰勝,2017-09-30,6115,連接器,3.08,2.26,2.51,3.78,3.65,20.5,20.5,11.5,12.51,9.39,1.01,9.08,3281,9.01,1.29,0.16,24.97,26.41,26.41,26.41,3.1,0.2,10.4,1.2,1.3,26.41,5.59,-25.03,-25.03,-36.86,-18.73,-7.85,-7.85,-11.950000000000001,-0.33,-0.42000000000000004,-0.21,16.310000000000002,17.279999999999998,10.709999999999999,233.20999999999998,210.96,1.48,64.5,39.21,60.79,37.82,11.950000000000001,13.01,0.24,0.92,98.75,3.08,29.58,2.8,0.4,40.25,88.07,595,68,214.08,1.65,1.16,8182063
6133 金橋,2017-09-30,6133,連接器,1.86,0.91,1.51,1.07,1.07,27.32,27.32,6.83,6.54,5.22,-0.29000000000000004,5.22,1226,20.5,20.279999999999998,0,20.2,13.03,13.03,13.03,0.21000000000000002,0.48,2.65,0.18,0.17,13.03,1.95,20.02,20.02,101.34,1380.22,1042.8,1042.8,1033.99,-1.18,-1.74,0.76,-0.56,72.78,58.06,366.64000000000004,285.6,0,18.3,15.47,84.53,0,1.81,1.73,0.17,1,90.97,1.1,82.8,0.8500000000000001,0.2,46.68,127.09,253,17,293.59,0.89,1.14,1357270
6165 捷泰,2017-09-30,6165,連接器,3.83,3.65,3.98,3.8,3.72,1.85,1.85,-145.1,254.38000000000002,254.38000000000002,399.47999999999996,248.94,22,146.95000000000002,-16.01,0,0,8.950000000000001,8.950000000000001,8.950000000000001,-0.02,-0.06,0.13,-0.19,0.33,8.95,-67.16999999999999,-95.79,-95.79,-43.82,386.62,285.05,285.05,285.28999999999996,-0.83,-0.27,5.8,-36.56,-31.1,951.7700000000001,1439.62,1423.87,0.03,4.51,4.32,95.68,0,-1.91,3.34,0.01,0.59,153.17,17.17,5.3,0.1,0.01,88.3,70.16999999999999,297,-430,3090.64,5.59,73.91,2484100
6197 佳必琪,2017-09-30,6197,連接器,2.2,2.31,2.86,3.25,3.12,18.57,18.57,8.98,11.93,9.82,2.9499999999999997,9.42,4781,9.59,13.06,0,17.72,24.87,24.87,24.87,2.58,1.28,8.69,0.78,0.93,24.87,-25.12,-40.68,-40.68,-48.61,-15.92,-20.279999999999998,-20.279999999999998,-23.43,-3.22,-7.45,-0.67,0.81,12.91,19.459999999999997,278.48999999999995,225.31,0,45.230000000000004,31.15,68.85,8.96,7.8,10.370000000000001,0.24,0.91,99.81,1.37,66.36,2.3299999999999996,0.33,81.16,85.01,236,21,99.97,1.68,1.23,5420219
2359 所羅門,2017-09-30,2359,零組件代理,1.18,0.84,0.96,1.01,1.02,21.610000000000003,21.610000000000003,5.85,5.96,4.95,0.11,4.98,1005,15.76,-13.61,0.31,16.95,25.18,25.18,25.18,0.99,-0.75,5.65,0.33,0.34,25.18,3.4899999999999998,1.56,1.56,-10.34,54.78,106.26,106.26,100.11999999999999,-0.46,-1.1800000000000002,0.41,-10.450000000000001,-23.41,-12.68,414.77,276.72999999999996,0.17,20.17,16.78,83.22,0.8400000000000001,3.3,3.36,0.17,1,90.82,2.74,33.190000000000005,2.01,0.21,61.64,62.37,963,56,477.7,0.85,0.91,3660906
2459 敦吉,2017-09-30,2459,零組件代理,2.98,1.95,2.53,3.47,3.23,12.43,12.43,6.51,6.6,5.25,0.09,4.89,2924,5.91,7.64,0.3,20.42,40.58,40.58,40.58,3.74,2.19,27.87,1.82,1.84,40.58,-16.06,1.45,1.45,1.56,-0.9400000000000001,0.14,0.14,-4.01,4.53,0.04,-0.04,24.5,63.97,47.879999999999995,201.48000000000002,176.14,3.19,85.23,46.01,53.99,41.290000000000006,18.150000000000002,18.4,0.36,1.1800000000000002,77.4,4.03,22.59,1.3800000000000001,0.66,47.58,52.42,1023,67,744.9499999999999,0.99,0.41,4297365
3010 華立,2017-09-30,3010,零組件代理,2.36,1.84,1.89,4.12,4.02,9.18,9.18,3.69,4.85,3.88,1.1600000000000001,3.79,851,5.48,-4.609999999999999,0.31,20.01,44.449999999999996,44.449999999999996,44.449999999999996,5.24,-2.19,50.61,1.87,2.46,44.45,15.350000000000001,9.08,9.08,16.47,39.660000000000004,48.93,48.93,35.52,3.72,6.56,0.6,15.78,25.77,48.790000000000006,169.36,126.56,3.5,131.70999999999998,56.84,43.16,52.05,18.7,24.55,0.46,1.05,86.41000000000001,2.8899999999999997,31.45,5.7,1.06,50.97,66.9,13761,508,2169.66,1.13,0.28,11615778
3028 增你強,2017-09-30,3028,零組件代理,1.56,1.33,1.4,3.51,3.55,5.319999999999999,5.319999999999999,2.15,2.36,2.03,0.21000000000000002,2.05,656,3.17,-5.25,0.65,14.14,22.18,22.18,22.18,1.8,-2.37,37.57,0.81,0.89,22.18,36.54,44.06,44.06,228.15,164.84,173.7,173.7,175.25,17.14,1.95,0.84,22.23,48.949999999999996,112.75,142.58,90.02,17.19,206.07,67.33,32.67,118.53,8.07,8.860000000000001,0.56,1.3,70.14,1.6,56.760000000000005,16.62,1.73,40.849999999999994,86.04,12247,263,735.91,0.83,0.15,3934362
3033 威健,2017-09-30,3033,零組件代理,1.76,1.36,1.38,4.78,4.78,5.33,5.33,2.2800000000000002,2.18,1.6900000000000002,-0.09,1.6900000000000002,1027,3.05,-4.39,0.71,22.59,16.23,16.23,16.23,1.6600000000000001,-2.32,44.77,1.02,0.98,16.23,23.91,30.89,30.89,165.98000000000002,199.97,185.59,185.59,158.89000000000001,25.79,2.01,0.82,22.9,128.2,149.4,130.53,63.36,22.1,331.34000000000003,76.82,23.18,186.75,10.19,9.78,0.66,1.8,50.51,1.3,70.17999999999999,94.02,2.83,41.58,79.11,14079,321,149.98000000000002,1.02,0.11,5361949
3036 文曄,2017-09-30,3036,零組件代理,1.47,1.39,1.33,4.7,4.37,4.42,4.42,2.18,1.81,1.51,-0.37,1.4,1763,2.24,-10.19,0.56,16.37,35.15,35.15,35.15,3.94,-10.77,106.85,2.33,1.93,35.15,23.01,20.74,20.74,29.06,14.78,16.34,16.34,26.02,18.75,-0.8,0.27,25.939999999999998,22.02,40.44,127.67999999999999,66.95,14.99,310.01,75.61,24.39,159.89000000000001,23.3,19.3,0.81,1.8800000000000001,48.32,1.75,52.05,66.36999999999999,3.11,38.89,61.48,28833,629,436.47999999999996,1.37,0.13,22882795
3048 益登,2017-09-30,3048,零組件代理,1.87,1.48,1.53,4.39,4.43,3.19,3.19,1.21,0.7799999999999999,0.64,-0.43000000000000005,0.65,764,1.98,2.66,2.03,17.21,14.41,14.41,14.41,1.3,1.37,96.6,1.16,0.75,14.41,-12.91,-1.52,-1.52,-1.32,-6.91,-8.06,-8.06,-7.1899999999999995,-24.29,1.8800000000000001,0.07,28.27,33.92,79.17999999999999,127.41000000000001,57.849999999999994,46.57,386.38,79.44,20.56,150.47,11.65,7.5,1.42,4.05,22.45,2.64,34.51,33.5,6.83,26.22,30.74,28143,339,842.52,1.09,0.04,3483252
3090 日電貿,2017-09-30,3090,零組件代理,1.51,2.61,2.64,5.69,5.65,17.1,17.1,8.06,9.38,7.81,1.33,7.75,393,9.04,4.1,0.32,16.76,18.38,18.38,18.38,2.5,0.9,13.23,1.07,1.24,18.38,-7.44,16.5,16.5,47.28,68.7,74.44000000000001,74.44000000000001,80.45,-1.08,8.65,1.06,8.66,51.33,71.47,158.6,117.01,3.56,121.82,54.92,45.08,67.07,10.66,12.41,0.32,0.8500000000000001,106.93,1.1900000000000002,76.22,2.64,0.73,62.1,121.05,5621,453,2126.64,1.5,0.55,4616693
3209 全科,2017-09-30,3209,零組件代理,1.46,1.11,1.2,3.82,3.82,4.01,4.01,1.1900000000000002,1.1600000000000001,0.9500000000000001,-0.03,0.9500000000000001,544,2.82,-25.02,0.84,18.4,14.629999999999999,14.629999999999999,14.629999999999999,1.44,-12.62,60.01,0.71,0.7,14.63,14.53,8.38,8.38,25.14,15.68,24.67,24.67,24.67,16.72,2.08,0.37,23.18,189.06,826.64,154.70999999999998,68.64999999999999,39,436.09,81.35,18.65,299.95,7.13,6.970000000000001,0.79,2.27,40.15,1.51,60.309999999999995,28.310000000000002,4.02,25.8,74.66,16045,191,564.48,1.46,0.1,3112673
3312 弘憶股,2017-09-30,3312,零組件代理,9.86,1.46,1.44,4.19,4.08,5.1,5.1,1.8,1.79,1.92,-0.01,1.87,144,3.3,3.62,0.49,0,8.46,8.46,8.46,0.19,0.7,18.13,0.33,0.32,8.46,19.97,5.59,5.59,15.709999999999999,53.790000000000006,73.21000000000001,73.21000000000001,68.96000000000001,7.74,-25.02,0.64,10.92,224.28,114.7,145.19,112,7.91,234.32000000000002,70.09,29.91,90.83,3.25,3.24,0.71,1.24,73.44000000000001,3.82,23.85,409.77,2.18,52.17,45.11,16179,290,40.1,0.72,0.09,783850
3528 安馳,2017-09-30,3528,零組件代理,1.98,1.53,1.63,2.61,2.61,10.850000000000001,10.850000000000001,4.1899999999999995,4.1,3.38,-0.09,3.38,140,6.659999999999999,-0.05,1.06,17.56,21.439999999999998,21.439999999999998,21.439999999999998,2.5,-0.01,16.32,0.68,0.67,21.44,24.84,12.41,12.41,24.24,-5.54,-6.18,-6.18,-6.18,13.09,3.27,-0.04,7.01,-24.09,-32.65,204.86,99.26,10.04,88.26,46.88,53.12,39.290000000000006,6.84,6.7,0.41,1.11,81.61999999999999,0.98,93,39.43,0.77,48.849999999999994,125.77,7461,313,181.67,1.66,0.64,2284514
3702 大聯大,2017-09-30,3702,零組件代理,1.6,1.3,1.32,4.05,4.04,4.1899999999999995,4.1899999999999995,1.86,1.6800000000000002,1.3900000000000001,-0.18,1.3800000000000001,5449,2.3299999999999996,-1.05,0.6,17.25,27.84,27.84,27.84,3.3,-0.72,80.36,1.5,1.35,27.84,3.1,3.74,3.74,6.84,8.39,8.75,8.75,6.35,7.47,8.3,0.14,14.219999999999999,16.58,12.65,139.93,88.85,17.97,271.46,73.08,26.92,143.16,14.96,13.49,0.8,1.62,56.28,2.3299999999999996,39.05,29.5,2.92,34.75,60.58,26916,501,910.25,1.45,0.14,73641211
5434 崇越,2017-09-30,5434,零組件代理,3.16,2.19,2.39,5.19,5.15,12.729999999999999,12.69,5.4,6.74,5.319999999999999,1.34,5.28,903,7.29,5.35,0.46,21.03,38.309999999999995,38.309999999999995,38.309999999999995,6.79,2.58,36.42,1.97,2.45,38.31,9.55,12.739999999999998,12.370000000000001,9.129999999999999,18.110000000000003,5.55,5.55,4.29,21.7,4.08,0.18,3.69,21.979999999999997,45.77,126.14,83.52,1.99,137.92000000000002,57.97,42.03,32.09,19.650000000000002,24.54,0.4,1.6,56.809999999999995,1.8800000000000001,48.449999999999996,1.79,0.98,75.03,30.23,6692,361,3741.29,1.95,0.54,12376065
6136 富爾特,2017-09-30,6136,零組件代理,0.71,3.08,3.13,3.32,3.3,27.3,27.3,-5.22,54.9,54.86,60.120000000000005,54.55,140,32.52,114.05,0,0.07,25.91,25.91,25.91,0.74,1.04,1.56,-0.08,0.86,25.91,1.56,-4.95,-4.95,50.47,-43.47,-43.53,-43.53,-5.79,-0.11,0.19,-2.32,4.8,-29.959999999999997,5214.4,1105.24,884.49,0,3.98,3.83,96.17,0,-0.81,8.55,0.06,2.11,43.06,1.1500000000000001,79.46000000000001,1.1900000000000002,0.06,6.68,115.84,1286,-67,1075.41,0.91,3.83,2738203
8070 長華,2017-09-30,8070,零組件代理,1.58,2.17,3.04,4.54,4.58,15.99,15.99,9.89,11.05,8.11,1.1600000000000001,8.19,250,6.109999999999999,15.76,0.48,26.58,87.14999999999999,87.14999999999999,87.14999999999999,7.87,10.7,59.95,5.93,6.62,87.15,57.33,220.78,220.78,308.74,123.69,93.23,93.23,144.9,64.51,22.130000000000003,1.78,-1.11,6.75,25.27,196.91,155.83,5.71,117.48,54.02,45.98,70.31,59.260000000000005,66.24000000000001,0.25,1.1300000000000001,80.33,2.17,41.93,1.41,0.56,54.53,67.72,15319,1514,11065.47,1.59,0.69,8847242
8112 至上,2017-09-30,8112,零組件代理,2.61,1.74,1.86,5.6,5.98,2.73,2.73,1.8,1.58,1.1800000000000002,-0.23,1.26,339,0.92,10.38,0.82,25.32,18.38,18.38,18.38,4.03,4.91,91.16,1.65,1.45,18.38,15.42,12.47,12.47,14.91,2.59,4.09,4.09,2.05,25.21,11.850000000000001,0.22,8.66,16.88,11.9,151.34,94.27,27.25,288.98999999999995,74.29,25.71,231.47,16.45,14.4,1.14,2.29,39.730000000000004,3.66,24.830000000000002,129.62,4.74,8.870000000000001,55.690000000000005,99237,1791,767.88,1.64,0.09,11144313
1319 東陽,2017-09-30,1319,汽車組件,4.1,1.71,3.37,2.94,2.9,22.84,22.84,8.629999999999999,12.01,9.81,3.38,9.66,6174,14.209999999999999,15.57,0.63,18.32,32.949999999999996,32.949999999999996,32.949999999999996,4.05,2.19,10.19,0.88,1.22,32.95,3.86,-5.319999999999999,-5.33,-20.54,9.08,3.88,3.88,3.9699999999999998,5.25,4.63,0.15,1.04,-17.419999999999998,-3.17,119.79,76.61999999999999,9.350000000000001,82.05,45.07,54.93,49.290000000000006,8.79,12.229999999999999,0.16,1.32,68.69,1.55,58.63,0.31,0.3,61.65,65.66,976,84,3176.84,1.88,1.5,36730722
1338 廣華-KY,2017-09-30,1338,汽車組件,3.97,2.04,3.11,2.82,3.01,25.93,25.93,11.2,11.67,8.94,0.47000000000000003,9.53,3907,14.729999999999999,12.15,1.02,23.38,75.58,75.58,75.58,9.47,4.1,24.45,2.74,2.85,75.58,10.89,4.17,4.17,6.7,23.41,36.42,36.42,28.14,8.22,5.18,0.53,10.1,4.3,8.629999999999999,203.45000000000002,160.18,5.5,44,30.55,69.45,17.93,27.38,28.53,0.22,0.97,94.1,2.07,43.949999999999996,0.7,0.32,62.7,75.35,525,59,780.12,1.5,1.22,9515840
1339 昭輝,2017-09-30,1339,汽車組件,3.3,1.67,2.67,3.15,2.95,31.37,31.37,16.75,18.99,15.229999999999999,2.24,14.29,898,14.62,2.22,0.51,19.81,41.760000000000005,41.760000000000005,41.760000000000005,4.859999999999999,0.58,9.04,1.51,1.72,41.76,13.27,40.790000000000006,40.790000000000006,39.91,506.86,465.71999999999997,465.71999999999997,267.42999999999995,11.54,5.58,1.33,-1.48,-16.05,-9.81,128.63,81.59,11.34,101.4,50.35,49.65,78.84,15.15,17.18,0.1,0.93,98.21000000000001,1.42,63.98,0.22,0.21,96.01,66.17999999999999,747,125,3465.4300000000003,0.97,1.08,2998882
1506 正道,2017-09-30,1506,汽車組件,1.2,-0.29,0.57,-1.19,-0.98,17.03,17.03,-3.88,-5.24,-4.95,-1.35,-4.07,826,20.91,-0.01,0.92,0,10.12,10.12,10.12,0.3,0,2.63,-0.1,-0.14,10.12,-5.819999999999999,-4.01,-4.01,-384.68,-435.76,-744.4399999999999,-744.4399999999999,-913.43,10.09,-0.07,-0.57,-6.31,-217.08,-1384.71,109.45,60.720000000000006,-111.05,117.25,53.97,46.03,82.05,-1.02,-1.37,0.11,0.81,112.77,0.5,180.64,0.31,0.24,61.04,232.37,389,-15,1269.83,2.2,1.91,2726287
1512 瑞利,2017-09-30,1512,汽車組件,-4.94,-6.77,-5.16,-28.99,-28.8,-6.819999999999999,-6.819999999999999,-30.650000000000002,-53.730000000000004,-53.949999999999996,-23.09,-53.6,603,23.82,-0.19,0.77,0,4.08,4.08,4.08,-2.36,-0.02,2.54,-0.78,-1.36,4.08,-46.46,-136.89000000000001,-136.89000000000001,-304.28,-343.44,-279.40999999999997,-279.40999999999997,-277.64000000000004,-19.93,-43.660000000000004,-5.38,-13.29,-41.46,-148.33,84.7,49.260000000000005,-5.609999999999999,363.5,78.42,21.58,221.8,-7.78,-13.639999999999999,0.13,0.71,127.28,1.27,71.38,0.26,0.54,104.24000000000001,94.42,765,-234,2863.73,3.11,0.73,2308885
1522 堤維西,2017-09-30,1522,汽車組件,2.03,0.88,2.26,2.23,2.2,20.34,20.34,1.42,4.78,3.7,3.36,3.66,2822,18.919999999999998,3.03,0.45,22.51,20.1,20.1,20.1,2.2,0.61,12.78,0.18,0.61,20.1,0.6799999999999999,-21.38,-21.39,-81.34,-43.339999999999996,-44.05,-44.05,-46.449999999999996,2.44,2.88,-0.53,-0.3,-51.42,-23.24,133.32000000000002,60.11,20.39,196.58,66.28,33.72,124.96000000000001,1.81,6.09,0.2,1.48,61.4,0.7799999999999999,117.33,0.54,0.6,91.73,86.99000000000001,1413,20,2612.8,1.64,0.64,10309956
1524 耿鼎,2017-09-30,1524,汽車組件,3.32,1.25,2.8,2.61,2.61,20.69,20.69,9.98,10.07,8.54,0.08,8.55,507,10.709999999999999,15.15,0.48,15.18,11.83,11.83,11.83,1.05,1.27,3.56,0.36,0.36,11.83,1.52,1.96,1.96,-1.3800000000000001,71.66,75.28,75.28,74.38,8.62,5.88,0.22,-1.37,6.2,28.21,106.04,65.29,15.06,134.92000000000002,57.43,42.57,93.34,3.55,3.58,0.13,1.7,53.4,1.03,88.75,0.22,0.31,89.31,52.839999999999996,1262,126,5868.7,0.96,0.77,2039425
1525 江申,2017-09-30,1525,汽車組件,3.46,3.13,3.31,3.95,3.95,7.159999999999999,7.159999999999999,-1.49,55.01,53.09,56.5,53.07,297,8.66,12.79,0.14,3.5,51.120000000000005,51.120000000000005,51.120000000000005,7.39,1.16,3.7,-0.06,2.04,51.12,-7.23,-26.86,-26.86,-324.12,14.31,10.27,10.27,-0.37,7.49,8.11,0.31,-17.3,-178.49,4.42,107.67999999999999,26.43,0.17,23.34,18.92,81.08,5.33,-0.55,20.38,0.06,1.7,53.620000000000005,1.7,53.68,0.54,0.07,95.39,11.9,916,-14,1692.92,2,6.35,7486800
1533 車王電,2017-09-30,1533,汽車組件,3.17,1.4,1.9,2.5,2.53,37.18,37.18,13.139999999999999,11.54,8.44,-1.6,8.54,1007,24.03,9.129999999999999,0.26,26.82,22.57,22.57,22.57,1.5,1.25,6.63,0.87,0.76,22.57,9.96,11.239999999999998,11.239999999999998,44.54,41.89,164.73999999999998,164.73999999999998,160.65,3.6,1.61,0.83,6.14,4.72,-0.64,200.17,125.91000000000001,5.6899999999999995,88.27,46.89,53.11,56.54,8.709999999999999,7.6499999999999995,0.16,1.26,72.06,0.43000000000000005,212.53,0.71,0.3,65.06,219.53,649,85,911.63,1.74,1.64,3863042
1536 和大,2017-09-30,1536,汽車組件,3.94,2.61,3.28,5.12,5.1,33.730000000000004,33.730000000000004,19.56,22.02,18.41,2.4699999999999998,18.35,1101,14.18,-2.88,0.45,16.39,24.630000000000003,24.630000000000003,24.630000000000003,4.88,-0.43,6.73,1.32,1.48,24.63,23.1,18.12,18.12,8.209999999999999,36.4,39.77,39.77,41.6,34.26,61.53,0.96,4.45,-2.63,-7.34,120.28,70.75,5.63,107,51.69,48.31,72.02,13.17,14.83,0.14,1.08,84.52,0.75,120.54,0.25,0.28,96.61999999999999,108.44000000000001,1559,305,6557.85,5.85,5.59,36713664
1568 倉佑,2017-09-30,1568,汽車組件,2.3,1.25,2.12,2.64,2.64,12.65,12.65,4.49,5.96,4.619999999999999,1.47,4.619999999999999,807,8.16,2.13,0.67,22.46,14.870000000000001,14.870000000000001,14.870000000000001,1.72,0.25,8.35,0.38,0.5,14.87,19.45,-14.51,-14.51,-36.44,4.430000000000001,7.4,7.4,19.830000000000002,15.29,4.21,0.06,2.04,-31.89,-38.43,162.76999999999998,94.86999999999999,15.9,138.51,58.07,41.93,79.27,3.75,4.98,0.24,0.8500000000000001,106.72,1.03,88.14,0.58,0.57,64.08,130.76999999999998,1067,48,1887.26,2.98,1.37,4561556
1592 英瑞-KY,2017-09-30,1592,汽車組件,2.8,1.4,2.53,2.51,2.51,34.7,34.7,6.819999999999999,6.109999999999999,5.99,-0.7,5.99,1688,27.88,2.25,1.35,2,31.09,31.09,31.09,2.8899999999999997,0.6,12.79,0.87,0.78,31.09,-6.46,-4.970000000000001,-4.970000000000001,-49.74,-48.58,-36.59,-36.59,-36.59,7.72,-0.1,-0.53,-18.73,-30.150000000000002,24.85,169.94,74.95,33.43,140.78,58.47,41.53,95.16,8.59,7.71,0.17,1.07,85.11,0.46,197.23999999999998,0.52,0.42,79.58,202.76999999999998,750,51,1436.46,1.14,0.64,3515155
2115 六暉-KY,2017-09-30,2115,汽車組件,3.27,1.88,2.48,2.67,2.67,23.37,23.37,12.39,11.93,8.75,-0.46,8.76,1550,10.98,9.25,0.57,26.65,26.01,26.01,26.01,3.82,1.01,7.79,0.96,0.93,26.01,-0.13,-11.09,-11.09,-21.41,-29.86,-30,-30,-29.54,9.17,7.53,-0.74,-3.79,-22.62,-24.74,265.09,169.97,5.33,47.2,32.07,67.93,28.479999999999997,9.65,9.29,0.21,1.01,90.5,0.8400000000000001,108.63,1.06,0.31,43.28,155.85000000000002,412,51,393.9,1.95,1.56,4163771
2228 劍麟,2017-09-30,2228,汽車組件,5.36,3.2,4.04,4.19,4.29,29.7,29.7,15.15,17.88,13.6,2.73,13.92,2082,14.55,25.91,0,23.93,47.82,47.82,47.82,7.03,1.94,14.41,2.18,2.58,47.82,-4.39,-12.28,-12.28,-29.19,-12.360000000000001,-9.54,-9.54,-6.26,-2.67,2.55,-0.19,7.2700000000000005,21.77,75.45,462.65000000000003,331.33,0,24.759999999999998,19.85,80.15,0,21.84,25.77,0.24,1.29,70.3,1.08,84,0.6699999999999999,0.31,28.14,126.16,525,79,780.5,2.8,2.33,10154520
2231 為升,2017-09-30,2231,汽車組件,6.26,5.09,5.6,9.1,8.97,51.220000000000006,51.220000000000006,34.87,33.5,30.09,-1.36,29.69,643,16.36,10.25,0.22,10.18,28.02,28.02,30.82,10.52,2.38,9.04,3.15,3.03,30.82,1.59,-6.17,-6.17,-16.88,-4.6899999999999995,1.6600000000000001,1.6600000000000001,0.22,-3.65,10.75,0.15,2.68,4.76,-9.94,143.73999999999998,116.57,1.3800000000000001,75.97,43.17,56.83,35.46,31.52,30.279999999999998,0.17,0.76,119.73,0.8200000000000001,110.57,0.74,0.3,41,189.3,1422,496,2049.46,11.42,9.38,32378720
2236 百達-KY,2017-09-30,2236,汽車組件,3.59,2.26,2.86,3.51,3.55,31.36,31.36,12.639999999999999,12.39,9.370000000000001,-0.26,9.48,1020,18.72,6.85,0.86,24.34,28.88,28.88,28.88,3.4699999999999998,1.16,12.96,1.64,1.6,28.67,8.59,11.92,11.92,15.719999999999999,95.76,135.1,135.1,137.97,13.53,-5.7,1.28,-4.42,87.91000000000001,88.05,265.03,160.01,5.359999999999999,70.49000000000001,41.34,58.66,23.27,16.259999999999998,15.93,0.23,0.77,118.74000000000001,0.8400000000000001,108.41000000000001,1.42,0.37,57.190000000000005,169.95000000000002,482,61,337.28999999999996,1.92,0.99,2099596
2239 英利-KY,2017-09-30,2239,汽車組件,2.42,1.24,1.96,2.19,2.21,18.3,18.3,7.6499999999999995,6.470000000000001,5.159999999999999,-1.1900000000000002,5.2,3337,10.639999999999999,6.95,1.22,20.26,83.34,83.34,83.34,8.56,5.17,40.95,3.13,2.65,83.34,16.89,4.99,4.99,-15.34,-62.28,-67.06,-67.06,-17.650000000000002,26.48,13.05,-1.8,1.8,-24.479999999999997,-31.18,121.82,59.94,21.62,110,52.38,47.62,51.11,31.35,26.49,0.2,1.1500000000000001,79.08,1.1300000000000001,80.28,0.61,0.43,105.11999999999999,54.24,1350,103,2272.4700000000003,2.13,1.1,19525e3
2243 宏旭-KY,2017-09-30,2243,汽車組件,-0.24,-0.74,-0.28,-4.06,-4.06,3.27,3.27,-5.02,-6.34,-5.76,-1.33,-5.76,615,8.29,0.33999999999999997,1.97,0,24.04,24.04,24.04,0.58,0.26,15.77,-0.79,-1.12,24.04,8.77,-76.54,-76.54,-190.28,-217.44,-177.79,-177.79,-176.47,-4.94,13.67,-2.25,19.47,-207.87,-275.05,112.82,37.53,-38.1,290.38,74.38,25.62,69.58,-7.91,-10.01,0.17,0.8700000000000001,104.29,0.3,307.75,1.3900000000000001,0.7,126.66999999999999,285.36,1067,-54,879.48,2.03,0.97,2030080
2497 怡利電,2017-09-30,2497,汽車組件,-0.18,-0.86,0.03,-1.61,-1.49,15.39,15.39,-7.7700000000000005,-6.79,-5.04,0.98,-4.67,1058,23.16,3.75,0.35,0,14.2,14.2,14.2,-0.64,0.36,4.56,-0.35,-0.31,14.2,-18.479999999999997,-37.67,-37.67,-688.61,-86.24000000000001,-64.43,-64.43,-48.33,-7.08,-7.84,-0.37,-9.25,-61.8,-65.16999999999999,134.14,88.94000000000001,-8.4,72.39,41.99,58.01,38.220000000000006,-3.54,-3.1,0.18,1.05,86.58,0.9,100.76,0.55,0.32,61.61,125.74000000000001,512,-40,921.89,2.01,1.41,3385743
3003 健和興,2017-09-30,3003,汽車組件,3.67,2.52,2.88,3.4,3.37,35.620000000000005,35.620000000000005,20.759999999999998,23.27,17.419999999999998,2.5,17.29,1012,14.860000000000001,22.87,0.32,25.11,28.2,28.2,28.2,3.3099999999999996,1.46,5.42,1.13,1.26,28.2,12.54,13.76,13.76,24.959999999999997,73.19,81.35,81.35,81.72,7.78,6.83,1.02,-4.359999999999999,-7.45,1.28,439.1,324.39,1.84,34.57,25.69,74.31,20.71,11.25,12.61,0.14,1.28,70.86999999999999,0.53,171.01,0.77,0.19,13.79,228.09,833,173,1095.3799999999999,2.37,3.16,10413253
4551 智伸科,2017-09-30,4551,汽車組件,5.78,3.27,4.37,6.21,6.21,30.74,30.74,22.1,22.18,15.97,0.08,15.98,1553,8.639999999999999,7.1,0.36,27.99,33.37,33.37,33.37,7.24,1.98,12.52,2.77,2.78,33.37,17.779999999999998,32.379999999999995,32.379999999999995,30.72,60,59.5,59.5,59.65,10.45,6.7700000000000005,1.25,9.17,17.36,18.439999999999998,103.8,72.58,2.2,88.97,47.08,52.92,45.41,27.66,27.759999999999998,0.2,0.93,98.13,1.36,66.76,0.51,0.39,34,130.89000000000001,660,146,1343.1699999999998,5.92,4.22,16181965
4557 永新-KY,2017-09-30,4557,汽車組件,3.46,2.03,2.73,2.88,2.88,31.49,31.49,12.07,13.370000000000001,10.44,1.29,10.43,488,19.419999999999998,-9.76,0,21.91,35.4,35.4,35.4,6.49,-1.11,9.67,1.17,1.29,35.4,-8.450000000000001,-23.52,-23.52,-47.5,-45.57,-41.14,-41.14,-41.21,1.22,1.22,-1.37,-14.09,-50.14,-51.260000000000005,269.71,219.22,0.31,33.33,25,75,0,11.68,12.93,0.19,0.62,145.73999999999998,1.26,72.25,0.6599999999999999,0.28,114.55,103.44000000000001,682,82,1044.6299999999999,2.13,1.91,2595645
5288 豐祥-KY,2017-09-30,5288,汽車組件,5.56,3.4,4.25,4.49,4.48,17.7,17.71,11.739999999999998,13.850000000000001,10.43,2.11,10.42,3532,5.96,18.8,0.37,24.68,37.37,37.37,37.37,6.98,1.78,15.76,1.85,2.18,37.37,-0.39,-0.59,-0.58,-4.1,5.930000000000001,2.4899999999999998,2.4899999999999998,1.87,3.1,3.14,-0.08,6.22,3.9099999999999997,-0.48000000000000004,379.12,295.36,0.18,26.97,21.24,78.76,2.55,18.5,21.830000000000002,0.33,1.94,47.02,2.34,38.91,1.6700000000000002,0.43,28.919999999999998,57.01,294,34,179.23,2.35,1.43,5790312
6605 帝寶,2017-09-30,6605,汽車組件,4.21,1.56,3.28,3.34,3.36,26.9,26.9,11.950000000000001,12.46,10.18,0.51,10.219999999999999,4022,14.950000000000001,4.9,0.56,18.3,72.05,72.05,72.05,7.6499999999999995,2.86,24.2,2.89,3.02,72.05,5.99,16.89,16.89,47.1,195.59,256.96,256.96,205.26,11.7,6.92,1.16,3.25,32.120000000000005,46.8,119.93,66.45,15.15,143.51,58.93,41.07,110.14999999999999,28.919999999999998,30.150000000000002,0.13,1.33,68.25,0.6699999999999999,136.62,0.31,0.33,73.16,131.7,998,119,3368.34,1.13,0.85,13464259
9942 茂順,2017-09-30,9942,汽車組件,6.02,4.1,4.68,5.87,5.93,35.37,35.339999999999996,22.24,25.69,19.8,3.4499999999999997,20,1494,13.1,20.55,0.34,22.94,33.8,33.8,33.8,6.4,1.62,9.72,2.16,2.5,33.8,10.96,6.01,6.1899999999999995,9.139999999999999,39.18,40.55,40.55,42.02,6.13,5.6899999999999995,1.09,-0.06,2.03,9.18,361.56,221.91,0.25,37.949999999999996,27.51,72.49,7.53,21.62,24.97,0.21,0.75,120.66999999999999,0.64,141.43,0.65,0.3,28.74,233.36,541,120,839.76,2.44,2.21,6860783
